"""price""","""area""","""bedrooms""","""bathrooms""","""stories""","""mainroad""","""guestroom""","""basement""","""hotwaterheating""","""airconditioning""","""parking""","""prefarea""","""furnishingstatus""","""price_per_sq"""
10150000,16200,5,3,2,"""yes""","""no""","""no""","""no""","""no""",0,"""no""","""unfurnished""",626.5432098765432
5943000,15600,3,1,1,"""yes""","""no""","""no""","""no""","""yes""",2,"""no""","""semi-furnished""",380.96153846153845
9800000,13200,3,1,2,"""yes""","""no""","""yes""","""no""","""yes""",2,"""yes""","""furnished""",742.4242424242424
6930000,13200,2,1,1,"""yes""","""no""","""yes""","""yes""","""no""",1,"""no""","""furnished""",525.0
3500000,12944,3,1,1,"""yes""","""no""","""no""","""no""","""no""",0,"""no""","""unfurnished""",270.39555006180467
4900000,12900,3,1,1,"""yes""","""no""","""no""","""no""","""no""",2,"""no""","""furnished""",379.84496124031006
6790000,12090,4,2,2,"""yes""","""no""","""no""","""no""","""no""",2,"""yes""","""furnished""",561.6211745244003
5873000,11460,3,1,3,"""yes""","""no""","""no""","""no""","""no""",2,"""yes""","""semi-furnished""",512.478184991274
7343000,11440,4,1,2,"""yes""","""no""","""yes""","""no""","""no""",1,"""yes""","""semi-furnished""",641.8706293706293
5110000,11410,2,1,2,"""yes""","""no""","""no""","""no""","""no""",0,"""yes""","""furnished""",447.85276073619633
7000000,11175,3,1,1,"""yes""","""no""","""yes""","""no""","""yes""",1,"""yes""","""furnished""",626.3982102908277
5040000,10700,3,1,2,"""yes""","""yes""","""yes""","""no""","""no""",0,"""no""","""semi-furnished""",471.02803738317755
6615000,10500,3,2,1,"""yes""","""no""","""yes""","""no""","""yes""",1,"""yes""","""furnished""",630.0
5600000,10500,4,2,2,"""yes""","""no""","""no""","""no""","""no""",1,"""no""","""semi-furnished""",533.3333333333334
5600000,10500,2,1,1,"""yes""","""no""","""no""","""no""","""no""",1,"""no""","""semi-furnished""",533.3333333333334
4305000,10360,2,1,1,"""yes""","""no""","""no""","""no""","""no""",1,"""yes""","""semi-furnished""",415.5405405405405
5250000,10269,3,1,1,"""yes""","""no""","""no""","""no""","""no""",1,"""yes""","""semi-furnished""",511.2474437627812
4760000,10240,2,1,1,"""yes""","""no""","""no""","""no""","""yes""",2,"""yes""","""unfurnished""",464.84375
12250000,9960,3,2,2,"""yes""","""no""","""yes""","""no""","""no""",2,"""yes""","""semi-furnished""",1229.9196787148594
4515000,9860,3,1,1,"""yes""","""no""","""no""","""no""","""no""",0,"""no""","""semi-furnished""",457.9107505070994
5250000,9800,4,2,2,"""yes""","""yes""","""no""","""no""","""no""",2,"""no""","""semi-furnished""",535.7142857142857
4690000,9667,4,2,2,"""yes""","""yes""","""yes""","""no""","""no""",1,"""no""","""semi-furnished""",485.15568428674874
6083000,9620,3,1,1,"""yes""","""no""","""yes""","""no""","""no""",2,"""yes""","""furnished""",632.3284823284823
3500000,9500,3,1,2,"""yes""","""no""","""no""","""no""","""no""",3,"""yes""","""unfurnished""",368.42105263157896
4760000,9166,2,1,1,"""yes""","""no""","""yes""","""no""","""yes""",2,"""no""","""semi-furnished""",519.3104953087498
3150000,9000,3,1,2,"""yes""","""no""","""no""","""no""","""no""",2,"""no""","""semi-furnished""",350.0
6300000,9000,3,1,1,"""yes""","""no""","""yes""","""no""","""no""",1,"""yes""","""furnished""",700.0
7245000,9000,4,2,4,"""yes""","""yes""","""no""","""no""","""yes""",1,"""yes""","""furnished""",805.0
7980000,9000,4,2,4,"""yes""","""no""","""no""","""no""","""yes""",2,"""no""","""furnished""",886.6666666666666
12250000,8960,4,4,4,"""yes""","""no""","""no""","""no""","""yes""",3,"""no""","""furnished""",1367.1875
6930000,8880,3,2,2,"""yes""","""no""","""yes""","""no""","""yes""",1,"""no""","""furnished""",780.4054054054054
7070000,8880,2,1,1,"""yes""","""no""","""no""","""no""","""yes""",1,"""no""","""semi-furnished""",796.1711711711712
8400000,8875,3,1,1,"""yes""","""no""","""no""","""no""","""no""",1,"""no""","""semi-furnished""",946.4788732394367
8575000,8800,3,2,2,"""yes""","""no""","""no""","""no""","""yes""",2,"""no""","""furnished""",974.4318181818181
6440000,8580,5,3,2,"""yes""","""no""","""no""","""no""","""no""",2,"""no""","""furnished""",750.5827505827506
10150000,8580,4,3,4,"""yes""","""no""","""no""","""no""","""yes""",2,"""yes""","""semi-furnished""",1182.983682983683
5250000,8520,3,1,1,"""yes""","""no""","""no""","""no""","""yes""",2,"""no""","""furnished""",616.1971830985915
8960000,8500,3,2,4,"""yes""","""no""","""no""","""no""","""yes""",2,"""no""","""furnished""",1054.1176470588234
3780000,8400,2,1,1,"""yes""","""no""","""no""","""no""","""no""",1,"""no""","""furnished""",450.0
4550000,8400,4,1,4,"""yes""","""no""","""no""","""no""","""no""",3,"""no""","""unfurnished""",541.6666666666666
5250000,8400,3,1,2,"""yes""","""yes""","""yes""","""no""","""yes""",2,"""yes""","""unfurnished""",625.0
6090000,8372,3,1,3,"""yes""","""no""","""no""","""no""","""yes""",2,"""no""","""unfurnished""",727.4247491638796
3773000,8250,3,1,1,"""yes""","""no""","""no""","""no""","""no""",2,"""no""","""furnished""",457.3333333333333
4480000,8250,3,1,1,"""yes""","""no""","""no""","""no""","""no""",0,"""no""","""furnished""",543.030303030303
4193000,8250,3,1,1,"""yes""","""no""","""yes""","""no""","""no""",3,"""no""","""semi-furnished""",508.24242424242425
6510000,8250,3,2,3,"""yes""","""no""","""no""","""no""","""yes""",0,"""no""","""furnished""",789.0909090909091
5005000,8150,3,2,1,"""yes""","""yes""","""yes""","""no""","""no""",0,"""no""","""semi-furnished""",614.1104294478528
9870000,8100,4,1,2,"""yes""","""yes""","""yes""","""no""","""yes""",2,"""yes""","""furnished""",1218.5185185185185
4795000,8100,4,1,4,"""yes""","""no""","""yes""","""no""","""yes""",2,"""no""","""semi-furnished""",591.9753086419753
3087000,8100,2,1,1,"""yes""","""no""","""no""","""no""","""no""",1,"""no""","""unfurnished""",381.1111111111111
3920000,8080,3,1,1,"""yes""","""no""","""no""","""no""","""yes""",2,"""no""","""semi-furnished""",485.1485148514852
3003000,8050,2,1,1,"""yes""","""no""","""no""","""no""","""no""",0,"""no""","""unfurnished""",373.04347826086956
8645000,8050,3,1,1,"""yes""","""yes""","""yes""","""no""","""yes""",1,"""no""","""furnished""",1073.9130434782608
6020000,8000,3,1,1,"""yes""","""yes""","""yes""","""no""","""yes""",2,"""yes""","""semi-furnished""",752.5
5145000,7980,3,1,1,"""yes""","""no""","""no""","""no""","""no""",1,"""yes""","""semi-furnished""",644.7368421052631
5495000,7980,3,1,1,"""yes""","""no""","""no""","""no""","""no""",2,"""no""","""semi-furnished""",688.5964912280701
8400000,7950,5,2,2,"""yes""","""no""","""yes""","""yes""","""no""",2,"""no""","""unfurnished""",1056.6037735849056
9240000,7800,3,2,2,"""yes""","""no""","""no""","""no""","""no""",0,"""yes""","""semi-furnished""",1184.6153846153845
5320000,7800,3,1,1,"""yes""","""no""","""yes""","""no""","""yes""",2,"""yes""","""unfurnished""",682.0512820512821
4270000,7770,2,1,1,"""yes""","""no""","""no""","""no""","""no""",1,"""no""","""furnished""",549.5495495495495
2450000,7700,2,1,1,"""yes""","""no""","""no""","""no""","""no""",0,"""no""","""unfurnished""",318.1818181818182
6895000,7700,3,2,1,"""yes""","""no""","""no""","""no""","""no""",2,"""no""","""unfurnished""",895.4545454545455
4970000,7686,3,1,1,"""yes""","""yes""","""yes""","""yes""","""no""",0,"""no""","""semi-furnished""",646.6302367941712
7210000,7680,4,2,4,"""yes""","""yes""","""no""","""no""","""yes""",1,"""no""","""semi-furnished""",938.8020833333334
5040000,7600,4,1,2,"""yes""","""no""","""no""","""no""","""yes""",2,"""no""","""furnished""",663.1578947368421
10850000,7500,3,3,1,"""yes""","""no""","""yes""","""no""","""yes""",2,"""yes""","""semi-furnished""",1446.6666666666667
12215000,7500,4,2,2,"""yes""","""no""","""yes""","""no""","""yes""",3,"""yes""","""furnished""",1628.6666666666667
8043000,7482,3,2,3,"""yes""","""no""","""no""","""yes""","""no""",1,"""yes""","""furnished""",1074.979951884523
8400000,7475,3,2,4,"""yes""","""no""","""no""","""no""","""yes""",2,"""no""","""unfurnished""",1123.7458193979933
7420000,7440,3,2,1,"""yes""","""yes""","""yes""","""no""","""yes""",0,"""yes""","""semi-furnished""",997.3118279569892
7420000,7440,3,2,4,"""yes""","""no""","""no""","""no""","""no""",1,"""yes""","""unfurnished""",997.3118279569892
3500000,7424,3,1,1,"""no""","""no""","""no""","""no""","""no""",0,"""no""","""unfurnished""",471.4439655172414
13300000,7420,4,2,3,"""yes""","""no""","""no""","""no""","""yes""",2,"""yes""","""furnished""",1792.4528301886792
11410000,7420,4,1,2,"""yes""","""yes""","""yes""","""no""","""yes""",2,"""no""","""furnished""",1537.7358490566037
6475000,7410,3,1,1,"""yes""","""yes""","""yes""","""no""","""yes""",2,"""yes""","""unfurnished""",873.8191632928475
3500000,7350,2,1,1,"""yes""","""no""","""no""","""no""","""no""",1,"""no""","""semi-furnished""",476.1904761904762
5950000,7320,4,2,2,"""yes""","""no""","""no""","""no""","""no""",0,"""no""","""furnished""",812.8415300546449
3920000,7260,3,2,1,"""yes""","""yes""","""yes""","""no""","""no""",3,"""no""","""furnished""",539.9449035812672
5950000,7231,3,1,2,"""yes""","""yes""","""yes""","""no""","""yes""",0,"""yes""","""semi-furnished""",822.8460793804453
5215000,7200,3,1,2,"""yes""","""yes""","""yes""","""no""","""no""",1,"""yes""","""furnished""",724.3055555555555
6300000,7200,3,2,1,"""yes""","""no""","""yes""","""no""","""yes""",3,"""no""","""semi-furnished""",875.0
5880000,7160,3,1,1,"""yes""","""no""","""yes""","""no""","""no""",2,"""yes""","""unfurnished""",821.2290502793296
8680000,7155,3,2,1,"""yes""","""yes""","""yes""","""no""","""yes""",2,"""no""","""unfurnished""",1213.1376659678547
3850000,7152,3,1,2,"""yes""","""no""","""no""","""no""","""yes""",0,"""no""","""furnished""",538.3109619686801
5229000,7085,3,1,1,"""yes""","""yes""","""yes""","""no""","""no""",2,"""yes""","""semi-furnished""",738.0381086803105
5950000,7020,3,1,1,"""yes""","""no""","""yes""","""no""","""yes""",2,"""yes""","""semi-furnished""",847.5783475783476
5803000,7000,3,1,1,"""yes""","""no""","""yes""","""no""","""no""",2,"""yes""","""semi-furnished""",829.0
4200000,7000,3,1,1,"""yes""","""no""","""no""","""no""","""no""",3,"""no""","""furnished""",600.0
4795000,7000,3,1,2,"""yes""","""no""","""yes""","""no""","""no""",0,"""no""","""unfurnished""",685.0
8400000,7000,3,1,4,"""yes""","""no""","""no""","""no""","""yes""",2,"""no""","""semi-furnished""",1200.0
8080940,7000,3,2,4,"""yes""","""no""","""no""","""no""","""yes""",2,"""no""","""furnished""",1154.42
3773000,6930,4,1,2,"""no""","""no""","""no""","""no""","""no""",1,"""no""","""furnished""",544.4444444444445
5523000,6900,3,1,1,"""yes""","""yes""","""yes""","""no""","""no""",0,"""yes""","""semi-furnished""",800.4347826086956
6020000,6900,3,2,1,"""yes""","""yes""","""yes""","""no""","""no""",0,"""yes""","""unfurnished""",872.463768115942
4830000,6862,3,1,2,"""yes""","""no""","""no""","""no""","""yes""",2,"""yes""","""furnished""",703.8764208685515
8120000,6840,5,1,2,"""yes""","""yes""","""yes""","""no""","""yes""",1,"""no""","""furnished""",1187.1345029239767
5425000,6825,3,1,1,"""yes""","""yes""","""yes""","""no""","""yes""",0,"""yes""","""semi-furnished""",794.8717948717949
6020000,6800,2,1,1,"""yes""","""yes""","""yes""","""no""","""no""",2,"""no""","""furnished""",885.2941176470588
2730000,6800,2,1,1,"""yes""","""no""","""no""","""no""","""no""",0,"""no""","""unfurnished""",401.47058823529414
3150000,6750,2,1,1,"""yes""","""no""","""no""","""no""","""no""",0,"""no""","""semi-furnished""",466.6666666666667
6419000,6750,2,1,1,"""yes""","""yes""","""yes""","""no""","""no""",2,"""yes""","""furnished""",950.9629629629629
4900000,6720,3,1,1,"""yes""","""no""","""no""","""no""","""no""",0,"""no""","""unfurnished""",729.1666666666666
5390000,6710,3,2,2,"""yes""","""yes""","""yes""","""no""","""no""",1,"""yes""","""furnished""",803.2786885245902
6510000,6670,3,1,3,"""yes""","""no""","""yes""","""no""","""no""",0,"""yes""","""unfurnished""",976.0119940029984
5652500,6660,4,2,2,"""yes""","""yes""","""yes""","""no""","""no""",1,"""yes""","""semi-furnished""",848.7237237237238
4235000,6650,3,1,2,"""yes""","""yes""","""no""","""no""","""no""",0,"""no""","""semi-furnished""",636.8421052631579
6090000,6615,4,2,2,"""yes""","""yes""","""no""","""yes""","""no""",1,"""no""","""semi-furnished""",920.6349206349206
2940000,6615,3,1,2,"""yes""","""no""","""no""","""no""","""no""",0,"""no""","""semi-furnished""",444.44444444444446
6293000,6600,3,2,3,"""yes""","""no""","""no""","""no""","""yes""",0,"""yes""","""unfurnished""",953.4848484848485
9100000,6600,4,2,2,"""yes""","""yes""","""yes""","""no""","""yes""",1,"""yes""","""unfurnished""",1378.7878787878788
6230000,6600,3,2,1,"""yes""","""no""","""yes""","""no""","""yes""",0,"""yes""","""unfurnished""",943.939393939394
5600000,6600,4,2,1,"""yes""","""no""","""yes""","""no""","""no""",0,"""yes""","""semi-furnished""",848.4848484848485
5460000,6600,4,2,2,"""yes""","""yes""","""yes""","""no""","""no""",0,"""yes""","""semi-furnished""",827.2727272727273
5040000,6600,3,1,1,"""yes""","""yes""","""yes""","""no""","""no""",0,"""yes""","""furnished""",763.6363636363636
6685000,6600,2,2,4,"""yes""","""no""","""yes""","""no""","""no""",0,"""yes""","""furnished""",1012.8787878787879
6090000,6600,3,1,1,"""yes""","""yes""","""yes""","""no""","""no""",2,"""yes""","""semi-furnished""",922.7272727272727
7490000,6600,3,1,4,"""yes""","""no""","""no""","""no""","""yes""",3,"""yes""","""furnished""",1134.8484848484848
7875000,6550,3,1,2,"""yes""","""no""","""yes""","""no""","""yes""",0,"""yes""","""furnished""",1202.2900763358778
9310000,6550,4,2,2,"""yes""","""no""","""no""","""no""","""yes""",1,"""yes""","""semi-furnished""",1421.3740458015268
5250000,6540,4,2,2,"""no""","""no""","""no""","""no""","""yes""",0,"""no""","""semi-furnished""",802.7522935779816
8540000,6540,4,2,2,"""yes""","""yes""","""yes""","""no""","""yes""",2,"""yes""","""furnished""",1305.8103975535169
5950000,6540,3,1,1,"""yes""","""yes""","""yes""","""no""","""no""",2,"""yes""","""furnished""",909.7859327217126
5950000,6525,3,2,4,"""yes""","""no""","""no""","""no""","""no""",1,"""no""","""furnished""",911.8773946360153
6650000,6500,3,2,3,"""yes""","""no""","""no""","""no""","""yes""",0,"""yes""","""furnished""",1023.0769230769231
5880000,6500,3,2,3,"""yes""","""no""","""no""","""no""","""yes""",0,"""no""","""unfurnished""",904.6153846153846
3990000,6480,3,1,2,"""no""","""no""","""no""","""no""","""yes""",1,"""no""","""semi-furnished""",615.7407407407408
7700000,6480,3,2,4,"""yes""","""no""","""no""","""no""","""yes""",2,"""no""","""unfurnished""",1188.2716049382716
4340000,6450,4,1,2,"""yes""","""no""","""no""","""no""","""no""",0,"""no""","""semi-furnished""",672.8682170542636
5383000,6450,3,2,1,"""yes""","""yes""","""yes""","""yes""","""no""",0,"""no""","""unfurnished""",834.5736434108527
4753000,6440,2,1,1,"""yes""","""no""","""no""","""no""","""yes""",3,"""no""","""semi-furnished""",738.0434782608696
6125000,6420,3,1,3,"""yes""","""no""","""yes""","""no""","""no""",0,"""yes""","""unfurnished""",954.0498442367601
8855000,6420,3,2,2,"""yes""","""no""","""no""","""no""","""yes""",1,"""yes""","""semi-furnished""",1379.2834890965732
6650000,6420,3,2,3,"""yes""","""no""","""no""","""no""","""yes""",0,"""yes""","""furnished""",1035.8255451713396
5950000,6420,3,1,1,"""yes""","""no""","""yes""","""no""","""yes""",0,"""yes""","""furnished""",926.791277258567
6300000,6400,3,1,1,"""yes""","""yes""","""yes""","""no""","""yes""",1,"""yes""","""semi-furnished""",984.375
4270000,6360,2,1,1,"""yes""","""no""","""no""","""no""","""no""",0,"""no""","""furnished""",671.3836477987421
4270000,6360,2,1,2,"""yes""","""no""","""no""","""no""","""no""",0,"""no""","""unfurnished""",671.3836477987421
7035000,6360,4,2,3,"""yes""","""no""","""no""","""no""","""yes""",2,"""yes""","""furnished""",1106.132075471698
7840000,6360,3,2,4,"""yes""","""no""","""no""","""no""","""yes""",0,"""yes""","""furnished""",1232.7044025157234
4473000,6360,2,1,1,"""yes""","""no""","""yes""","""no""","""yes""",1,"""no""","""furnished""",703.3018867924528
5600000,6360,3,1,3,"""yes""","""no""","""no""","""no""","""no""",0,"""yes""","""semi-furnished""",880.503144654088
5740000,6360,3,1,1,"""yes""","""yes""","""yes""","""no""","""yes""",2,"""yes""","""furnished""",902.5157232704403
6195000,6350,3,2,3,"""yes""","""yes""","""no""","""no""","""yes""",0,"""no""","""furnished""",975.5905511811023
7420000,6325,3,1,4,"""yes""","""no""","""no""","""no""","""yes""",1,"""no""","""unfurnished""",1173.1225296442688
4760000,6321,3,1,2,"""yes""","""no""","""yes""","""no""","""yes""",1,"""no""","""furnished""",753.0454042081949
4900000,6300,3,1,1,"""yes""","""no""","""no""","""no""","""yes""",2,"""no""","""semi-furnished""",777.7777777777778
5950000,6254,4,2,1,"""yes""","""no""","""yes""","""no""","""no""",1,"""yes""","""semi-furnished""",951.3911096897986
7070000,6240,4,2,2,"""yes""","""no""","""no""","""no""","""yes""",1,"""no""","""furnished""",1133.0128205128206
5460000,6210,4,1,4,"""yes""","""yes""","""no""","""no""","""yes""",0,"""no""","""furnished""",879.2270531400966
5460000,6100,3,1,3,"""yes""","""yes""","""no""","""no""","""yes""",0,"""yes""","""semi-furnished""",895.0819672131148
5530000,6100,3,2,1,"""yes""","""no""","""yes""","""no""","""no""",2,"""yes""","""furnished""",906.5573770491803
5110000,6100,3,1,1,"""yes""","""no""","""yes""","""no""","""yes""",0,"""yes""","""semi-furnished""",837.7049180327868
3290000,6060,3,1,1,"""yes""","""yes""","""yes""","""no""","""no""",0,"""no""","""furnished""",542.9042904290429
4123000,6060,2,1,1,"""yes""","""no""","""yes""","""no""","""no""",1,"""no""","""semi-furnished""",680.3630363036303
5243000,6050,3,1,1,"""yes""","""no""","""yes""","""no""","""no""",0,"""yes""","""semi-furnished""",866.6115702479339
4830000,6040,3,1,1,"""yes""","""no""","""no""","""no""","""no""",2,"""yes""","""semi-furnished""",799.6688741721854
3710000,6020,3,1,1,"""yes""","""no""","""no""","""no""","""no""",0,"""no""","""semi-furnished""",616.2790697674419
5775000,6000,3,2,4,"""yes""","""no""","""no""","""no""","""yes""",0,"""no""","""unfurnished""",962.5
6265000,6000,4,1,3,"""yes""","""yes""","""yes""","""no""","""no""",0,"""yes""","""unfurnished""",1044.1666666666667
9681000,6000,4,3,2,"""yes""","""yes""","""yes""","""yes""","""no""",2,"""no""","""semi-furnished""",1613.5
9100000,6000,4,1,2,"""yes""","""no""","""yes""","""no""","""no""",2,"""no""","""semi-furnished""",1516.6666666666667
4690000,6000,2,1,1,"""yes""","""no""","""yes""","""no""","""yes""",1,"""no""","""furnished""",781.6666666666666
7210000,6000,3,2,4,"""yes""","""yes""","""no""","""no""","""yes""",1,"""no""","""furnished""",1201.6666666666667
7560000,6000,4,2,4,"""yes""","""no""","""no""","""no""","""yes""",1,"""no""","""furnished""",1260.0
8463000,6000,3,2,4,"""yes""","""yes""","""yes""","""no""","""yes""",0,"""yes""","""semi-furnished""",1410.5
7910000,6000,4,2,4,"""yes""","""no""","""no""","""no""","""yes""",1,"""no""","""semi-furnished""",1318.3333333333333
7560000,6000,3,2,3,"""yes""","""no""","""no""","""no""","""yes""",0,"""no""","""semi-furnished""",1260.0
2870000,6000,2,1,1,"""yes""","""no""","""no""","""no""","""no""",0,"""no""","""semi-furnished""",478.3333333333333
7525000,6000,3,2,4,"""yes""","""no""","""no""","""no""","""yes""",1,"""no""","""furnished""",1254.1666666666667
7962500,6000,3,1,4,"""yes""","""yes""","""no""","""no""","""yes""",2,"""no""","""unfurnished""",1327.0833333333333
6580000,6000,3,2,4,"""yes""","""no""","""no""","""no""","""yes""",0,"""no""","""semi-furnished""",1096.6666666666667
6755000,6000,4,2,4,"""yes""","""no""","""no""","""no""","""yes""",0,"""no""","""unfurnished""",1125.8333333333333
6629000,6000,3,1,2,"""yes""","""no""","""no""","""yes""","""no""",1,"""yes""","""semi-furnished""",1104.8333333333333
6860000,6000,3,1,1,"""yes""","""no""","""no""","""no""","""yes""",1,"""no""","""furnished""",1143.3333333333333
7350000,6000,4,2,4,"""yes""","""yes""","""no""","""no""","""yes""",1,"""no""","""furnished""",1225.0
7350000,6000,3,1,2,"""yes""","""no""","""no""","""no""","""yes""",1,"""no""","""unfurnished""",1225.0
7350000,6000,3,2,2,"""yes""","""yes""","""no""","""no""","""yes""",1,"""no""","""semi-furnished""",1225.0
7140000,6000,3,2,2,"""yes""","""yes""","""no""","""no""","""no""",1,"""no""","""semi-furnished""",1190.0
7700000,6000,4,2,4,"""yes""","""no""","""no""","""no""","""no""",2,"""no""","""semi-furnished""",1283.3333333333333
6300000,6000,4,2,4,"""yes""","""no""","""no""","""no""","""no""",1,"""no""","""semi-furnished""",1050.0
6650000,6000,3,2,3,"""yes""","""yes""","""no""","""no""","""yes""",0,"""no""","""furnished""",1108.3333333333333
4130000,5985,3,1,1,"""yes""","""no""","""yes""","""no""","""no""",0,"""no""","""semi-furnished""",690.0584795321637
8190000,5960,3,3,2,"""yes""","""yes""","""yes""","""no""","""no""",1,"""no""","""unfurnished""",1374.1610738255033
3640000,5960,3,1,2,"""yes""","""yes""","""yes""","""no""","""no""",0,"""no""","""unfurnished""",610.738255033557
4935000,5948,3,1,2,"""yes""","""no""","""no""","""no""","""yes""",0,"""no""","""semi-furnished""",829.6906523201076
4060000,5900,4,2,2,"""no""","""no""","""yes""","""no""","""no""",1,"""no""","""unfurnished""",688.1355932203389
3500000,5900,2,1,1,"""yes""","""no""","""no""","""no""","""no""",1,"""no""","""furnished""",593.2203389830509
4480000,5885,2,1,1,"""yes""","""no""","""no""","""no""","""yes""",1,"""no""","""unfurnished""",761.2574341546305
3290000,5880,3,1,1,"""yes""","""no""","""no""","""no""","""no""",1,"""no""","""unfurnished""",559.5238095238095
3500000,5880,2,1,1,"""yes""","""no""","""no""","""no""","""no""",0,"""no""","""unfurnished""",595.2380952380952
2940000,5850,3,1,2,"""yes""","""no""","""yes""","""no""","""no""",1,"""no""","""unfurnished""",502.56410256410254
4200000,5850,2,1,1,"""yes""","""yes""","""yes""","""no""","""no""",2,"""no""","""semi-furnished""",717.9487179487179
3780000,5830,2,1,1,"""yes""","""no""","""no""","""no""","""no""",2,"""no""","""unfurnished""",648.3704974271012
5810000,5828,4,1,4,"""yes""","""yes""","""no""","""no""","""no""",0,"""no""","""semi-furnished""",996.9114619080302
4200000,5800,3,1,1,"""yes""","""no""","""no""","""yes""","""no""",2,"""no""","""semi-furnished""",724.1379310344828
5740000,5800,3,2,4,"""yes""","""no""","""no""","""no""","""yes""",0,"""no""","""unfurnished""",989.6551724137931
4900000,5800,2,1,1,"""yes""","""yes""","""yes""","""no""","""yes""",0,"""no""","""semi-furnished""",844.8275862068965
9800000,5750,3,2,4,"""yes""","""yes""","""no""","""no""","""yes""",1,"""yes""","""unfurnished""",1704.3478260869565
5075000,5720,2,1,2,"""yes""","""no""","""no""","""no""","""yes""",0,"""yes""","""unfurnished""",887.2377622377622
6650000,5700,3,1,1,"""yes""","""yes""","""yes""","""no""","""yes""",2,"""yes""","""furnished""",1166.6666666666667
4620000,5680,3,1,2,"""yes""","""yes""","""no""","""no""","""yes""",1,"""no""","""semi-furnished""",813.3802816901408
3675000,5640,2,1,1,"""no""","""no""","""no""","""no""","""no""",0,"""no""","""semi-furnished""",651.5957446808511
4095000,5600,2,1,1,"""yes""","""no""","""no""","""no""","""yes""",0,"""no""","""semi-furnished""",731.25
8400000,5500,4,2,2,"""yes""","""no""","""yes""","""no""","""yes""",1,"""yes""","""semi-furnished""",1527.2727272727273
6230000,5500,3,1,3,"""yes""","""no""","""no""","""no""","""no""",1,"""yes""","""unfurnished""",1132.7272727272727
5600000,5500,3,2,2,"""yes""","""no""","""no""","""no""","""no""",1,"""no""","""semi-furnished""",1018.1818181818181
4200000,5500,3,1,2,"""yes""","""no""","""no""","""no""","""yes""",0,"""no""","""unfurnished""",763.6363636363636
3920000,5500,4,1,2,"""yes""","""yes""","""yes""","""no""","""no""",0,"""no""","""semi-furnished""",712.7272727272727
6195000,5500,3,2,1,"""yes""","""yes""","""yes""","""no""","""no""",2,"""yes""","""furnished""",1126.3636363636363
6195000,5500,3,2,4,"""yes""","""yes""","""no""","""no""","""yes""",1,"""no""","""semi-furnished""",1126.3636363636363
5873000,5500,3,1,3,"""yes""","""yes""","""no""","""no""","""yes""",1,"""no""","""furnished""",1067.8181818181818
5250000,5500,3,2,1,"""yes""","""no""","""yes""","""no""","""no""",0,"""no""","""semi-furnished""",954.5454545454545
3129000,5495,3,1,1,"""yes""","""no""","""yes""","""no""","""no""",0,"""no""","""unfurnished""",569.4267515923567
3703000,5450,2,1,1,"""yes""","""no""","""no""","""no""","""no""",0,"""no""","""furnished""",679.4495412844037
6160000,5450,4,2,1,"""yes""","""no""","""yes""","""no""","""yes""",0,"""yes""","""semi-furnished""",1130.2752293577983
2870000,5400,4,1,2,"""yes""","""no""","""no""","""no""","""no""",0,"""no""","""unfurnished""",531.4814814814815
5740000,5400,4,2,2,"""yes""","""no""","""no""","""no""","""yes""",2,"""no""","""unfurnished""",1062.962962962963
4025000,5400,3,1,1,"""yes""","""no""","""no""","""no""","""no""",3,"""no""","""semi-furnished""",745.3703703703703
5565000,5400,5,1,2,"""yes""","""yes""","""yes""","""no""","""yes""",0,"""yes""","""furnished""",1030.5555555555557
4900000,5400,4,1,2,"""yes""","""no""","""no""","""no""","""no""",0,"""no""","""semi-furnished""",907.4074074074074
4690000,5400,2,1,2,"""yes""","""no""","""no""","""no""","""no""",0,"""yes""","""semi-furnished""",868.5185185185185
4550000,5360,3,1,2,"""yes""","""no""","""no""","""no""","""no""",2,"""yes""","""unfurnished""",848.8805970149253
4550000,5320,3,1,2,"""yes""","""yes""","""yes""","""no""","""no""",0,"""yes""","""semi-furnished""",855.2631578947369
3465000,5320,2,1,1,"""yes""","""no""","""no""","""no""","""no""",1,"""yes""","""unfurnished""",651.3157894736842
2233000,5300,3,1,1,"""no""","""no""","""no""","""no""","""yes""",0,"""yes""","""unfurnished""",421.3207547169811
3850000,5300,5,2,2,"""yes""","""no""","""no""","""no""","""no""",0,"""no""","""semi-furnished""",726.4150943396227
5250000,5300,4,2,1,"""yes""","""no""","""no""","""no""","""yes""",0,"""yes""","""unfurnished""",990.566037735849
2852500,5200,4,1,3,"""yes""","""no""","""no""","""no""","""no""",0,"""no""","""unfurnished""",548.5576923076923
5810000,5200,3,1,3,"""yes""","""no""","""no""","""no""","""yes""",0,"""no""","""semi-furnished""",1117.3076923076924
4690000,5170,3,1,4,"""yes""","""no""","""no""","""no""","""yes""",0,"""no""","""semi-furnished""",907.1566731141199
7350000,5150,3,2,4,"""yes""","""no""","""no""","""no""","""yes""",2,"""no""","""semi-furnished""",1427.1844660194174
5600000,5136,3,1,2,"""yes""","""yes""","""yes""","""no""","""yes""",0,"""yes""","""unfurnished""",1090.342679127726
3010000,5076,3,1,1,"""no""","""no""","""no""","""no""","""no""",0,"""no""","""unfurnished""",592.9866036249015
4200000,5040,3,1,2,"""yes""","""no""","""yes""","""no""","""yes""",0,"""no""","""unfurnished""",833.3333333333334
6720000,5020,3,1,4,"""yes""","""no""","""no""","""no""","""yes""",0,"""yes""","""unfurnished""",1338.6454183266933
4620000,5010,3,1,2,"""yes""","""no""","""yes""","""no""","""no""",0,"""no""","""semi-furnished""",922.1556886227545
5740000,5000,3,1,3,"""yes""","""no""","""no""","""no""","""yes""",0,"""no""","""semi-furnished""",1148.0
6440000,5000,3,1,2,"""yes""","""no""","""no""","""no""","""yes""",0,"""no""","""semi-furnished""",1288.0
5600000,5000,3,1,4,"""yes""","""no""","""no""","""no""","""no""",0,"""no""","""furnished""",1120.0
4893000,4995,4,2,1,"""yes""","""no""","""yes""","""no""","""no""",0,"""no""","""semi-furnished""",979.5795795795796
4060000,4992,3,2,2,"""yes""","""no""","""no""","""no""","""no""",2,"""no""","""unfurnished""",813.3012820512821
4543000,4990,4,2,2,"""yes""","""yes""","""yes""","""no""","""no""",0,"""yes""","""furnished""",910.4208416833667
3360000,4960,4,1,3,"""no""","""no""","""no""","""no""","""no""",0,"""no""","""semi-furnished""",677.4193548387096
3080000,4960,2,1,1,"""yes""","""no""","""yes""","""no""","""yes""",0,"""no""","""unfurnished""",620.9677419354839
2940000,4960,2,1,1,"""yes""","""no""","""no""","""no""","""no""",0,"""no""","""unfurnished""",592.741935483871
4382000,4950,4,1,2,"""yes""","""no""","""no""","""no""","""yes""",0,"""no""","""semi-furnished""",885.2525252525253
4403000,4920,3,1,2,"""yes""","""no""","""no""","""no""","""no""",1,"""no""","""semi-furnished""",894.9186991869918
4410000,4900,2,1,2,"""yes""","""no""","""yes""","""no""","""no""",0,"""no""","""semi-furnished""",900.0
3493000,4900,3,1,2,"""no""","""no""","""no""","""no""","""no""",0,"""no""","""unfurnished""",712.8571428571429
4403000,4880,3,1,1,"""yes""","""no""","""no""","""no""","""no""",2,"""yes""","""unfurnished""",902.2540983606557
8295000,4880,4,2,2,"""yes""","""no""","""no""","""no""","""yes""",1,"""yes""","""furnished""",1699.795081967213
4165000,4840,3,1,2,"""yes""","""no""","""no""","""no""","""no""",1,"""no""","""semi-furnished""",860.5371900826447
2450000,4840,2,1,2,"""yes""","""no""","""no""","""no""","""no""",0,"""no""","""unfurnished""",506.198347107438
3780000,4820,3,1,2,"""yes""","""no""","""no""","""no""","""no""",0,"""no""","""semi-furnished""",784.2323651452282
4830000,4815,2,1,1,"""yes""","""no""","""no""","""no""","""yes""",0,"""yes""","""semi-furnished""",1003.1152647975077
6405000,4800,3,2,4,"""yes""","""yes""","""no""","""no""","""yes""",0,"""no""","""furnished""",1334.375
5033000,4800,2,1,1,"""yes""","""yes""","""yes""","""no""","""no""",0,"""no""","""semi-furnished""",1048.5416666666667
5810000,4800,3,1,3,"""yes""","""no""","""no""","""no""","""yes""",0,"""no""","""unfurnished""",1210.4166666666667
5866000,4800,3,1,1,"""yes""","""yes""","""yes""","""no""","""no""",0,"""no""","""unfurnished""",1222.0833333333333
5600000,4800,5,2,3,"""no""","""no""","""yes""","""yes""","""no""",0,"""no""","""unfurnished""",1166.6666666666667
3395000,4785,3,1,2,"""yes""","""yes""","""yes""","""no""","""yes""",1,"""no""","""furnished""",709.5088819226751
3325000,4775,4,1,2,"""yes""","""no""","""no""","""no""","""no""",0,"""no""","""unfurnished""",696.3350785340314
4900000,4770,3,1,1,"""yes""","""yes""","""yes""","""no""","""no""",0,"""no""","""semi-furnished""",1027.2536687631027
3360000,4750,2,1,1,"""yes""","""no""","""no""","""no""","""no""",0,"""no""","""unfurnished""",707.3684210526316
5600000,4700,4,1,2,"""yes""","""yes""","""yes""","""no""","""yes""",1,"""no""","""furnished""",1191.4893617021276
4900000,4646,3,1,2,"""yes""","""yes""","""yes""","""no""","""no""",2,"""no""","""semi-furnished""",1054.6706844597504
5740000,4640,4,1,2,"""yes""","""no""","""no""","""no""","""no""",1,"""no""","""semi-furnished""",1237.0689655172414
4130000,4632,4,1,2,"""yes""","""no""","""no""","""no""","""yes""",0,"""no""","""semi-furnished""",891.6234887737478
3010000,4600,2,1,1,"""yes""","""no""","""no""","""no""","""no""",0,"""no""","""furnished""",654.3478260869565
4200000,4600,3,2,2,"""yes""","""no""","""no""","""no""","""yes""",1,"""no""","""semi-furnished""",913.0434782608696
3500000,4600,4,1,2,"""yes""","""no""","""no""","""no""","""no""",0,"""no""","""semi-furnished""",760.8695652173913
8890000,4600,3,2,2,"""yes""","""yes""","""no""","""no""","""yes""",2,"""no""","""furnished""",1932.608695652174
5285000,4600,2,2,1,"""yes""","""no""","""no""","""no""","""yes""",2,"""no""","""semi-furnished""",1148.9130434782608
8645000,4560,3,2,2,"""yes""","""yes""","""yes""","""no""","""yes""",1,"""no""","""furnished""",1895.8333333333333
4900000,4520,3,1,2,"""yes""","""no""","""yes""","""no""","""yes""",0,"""no""","""semi-furnished""",1084.070796460177
4613000,4510,4,2,2,"""yes""","""no""","""yes""","""no""","""no""",0,"""no""","""semi-furnished""",1022.8381374722838
4480000,4510,4,1,2,"""yes""","""no""","""no""","""no""","""yes""",2,"""no""","""semi-furnished""",993.3481152993348
3990000,4500,3,2,2,"""no""","""no""","""yes""","""no""","""yes""",0,"""no""","""semi-furnished""",886.6666666666666
4007500,4500,3,1,2,"""no""","""no""","""yes""","""no""","""yes""",0,"""no""","""semi-furnished""",890.5555555555555
5215000,4500,4,2,1,"""no""","""no""","""yes""","""no""","""yes""",2,"""no""","""semi-furnished""",1158.888888888889
3255000,4500,2,1,1,"""no""","""no""","""no""","""no""","""no""",0,"""no""","""semi-furnished""",723.3333333333334
3570000,4500,2,1,1,"""no""","""no""","""no""","""no""","""no""",0,"""no""","""furnished""",793.3333333333334
3570000,4500,4,2,2,"""yes""","""no""","""yes""","""no""","""no""",2,"""no""","""furnished""",793.3333333333334
6160000,4500,3,1,4,"""yes""","""no""","""no""","""no""","""yes""",0,"""no""","""unfurnished""",1368.888888888889
4270000,4500,2,1,1,"""yes""","""no""","""no""","""no""","""yes""",2,"""no""","""furnished""",948.8888888888889
4340000,4500,3,2,3,"""yes""","""no""","""no""","""yes""","""no""",1,"""no""","""furnished""",964.4444444444445
3080000,4500,2,1,2,"""yes""","""no""","""no""","""yes""","""no""",1,"""no""","""semi-furnished""",684.4444444444445
3143000,4500,3,1,2,"""yes""","""no""","""no""","""no""","""yes""",0,"""no""","""unfurnished""",698.4444444444445
4200000,4500,3,1,1,"""yes""","""no""","""yes""","""no""","""no""",0,"""no""","""furnished""",933.3333333333334
3605000,4500,2,1,1,"""yes""","""no""","""no""","""no""","""no""",0,"""no""","""semi-furnished""",801.1111111111111
4200000,4410,2,1,1,"""no""","""no""","""no""","""no""","""no""",1,"""no""","""unfurnished""",952.3809523809524
4970000,4410,4,3,2,"""yes""","""no""","""yes""","""no""","""no""",2,"""no""","""semi-furnished""",1126.984126984127
2590000,4400,2,1,1,"""yes""","""no""","""no""","""no""","""no""",0,"""no""","""unfurnished""",588.6363636363636
2485000,4400,3,1,2,"""yes""","""no""","""no""","""no""","""no""",0,"""no""","""unfurnished""",564.7727272727273
5565000,4400,4,1,2,"""yes""","""no""","""no""","""no""","""yes""",2,"""yes""","""semi-furnished""",1264.7727272727273
4305000,4400,2,1,1,"""yes""","""no""","""no""","""no""","""no""",1,"""no""","""semi-furnished""",978.4090909090909
3220000,4370,3,1,2,"""yes""","""no""","""no""","""no""","""no""",0,"""no""","""unfurnished""",736.8421052631579
4270000,4360,4,1,2,"""yes""","""no""","""no""","""no""","""no""",0,"""no""","""furnished""",979.3577981651376
2975000,4352,4,1,2,"""no""","""no""","""no""","""no""","""no""",1,"""no""","""unfurnished""",683.59375
4865000,4350,2,1,1,"""yes""","""no""","""yes""","""no""","""no""",0,"""no""","""unfurnished""",1118.3908045977012
2835000,4350,3,1,2,"""no""","""no""","""no""","""yes""","""no""",1,"""no""","""unfurnished""",651.7241379310345
4060000,4340,3,1,1,"""yes""","""no""","""no""","""no""","""no""",0,"""no""","""semi-furnished""",935.483870967742
4060000,4320,3,1,2,"""yes""","""no""","""no""","""no""","""no""",2,"""yes""","""furnished""",939.8148148148148
4690000,4320,3,1,1,"""yes""","""no""","""no""","""no""","""no""",0,"""yes""","""semi-furnished""",1085.648148148148
8750000,4320,3,1,2,"""yes""","""no""","""yes""","""yes""","""no""",2,"""no""","""semi-furnished""",2025.462962962963
3220000,4320,3,1,1,"""no""","""no""","""no""","""no""","""no""",1,"""no""","""unfurnished""",745.3703703703703
7455000,4300,3,2,2,"""yes""","""no""","""yes""","""no""","""no""",1,"""no""","""unfurnished""",1733.7209302325582
6083000,4300,6,2,2,"""yes""","""no""","""no""","""no""","""no""",0,"""no""","""furnished""",1414.6511627906978
3640000,4280,2,1,1,"""yes""","""no""","""no""","""no""","""yes""",2,"""no""","""semi-furnished""",850.4672897196261
6650000,4260,4,2,2,"""yes""","""no""","""no""","""yes""","""no""",0,"""no""","""semi-furnished""",1561.0328638497654
5250000,4260,4,1,2,"""yes""","""no""","""yes""","""no""","""yes""",0,"""no""","""furnished""",1232.394366197183
3500000,4240,3,1,2,"""yes""","""no""","""no""","""no""","""yes""",0,"""no""","""semi-furnished""",825.4716981132076
4907000,4200,3,1,2,"""yes""","""no""","""no""","""no""","""no""",1,"""no""","""furnished""",1168.3333333333333
4830000,4160,3,1,3,"""yes""","""no""","""no""","""no""","""no""",0,"""no""","""unfurnished""",1161.0576923076924
4620000,4160,3,1,1,"""yes""","""yes""","""yes""","""no""","""yes""",0,"""no""","""unfurnished""",1110.576923076923
3640000,4130,3,2,2,"""yes""","""no""","""no""","""no""","""no""",2,"""no""","""semi-furnished""",881.3559322033898
3360000,4120,2,1,2,"""yes""","""no""","""no""","""no""","""no""",0,"""no""","""unfurnished""",815.5339805825242
4900000,4120,2,1,1,"""yes""","""no""","""yes""","""no""","""no""",1,"""no""","""semi-furnished""",1189.3203883495146
4543000,4100,2,2,1,"""yes""","""yes""","""yes""","""no""","""no""",0,"""no""","""semi-furnished""",1108.0487804878048
6300000,4100,3,2,3,"""yes""","""no""","""no""","""no""","""yes""",2,"""no""","""semi-furnished""",1536.5853658536585
3990000,4100,4,1,1,"""no""","""no""","""yes""","""no""","""no""",0,"""no""","""unfurnished""",973.170731707317
3150000,4095,2,1,1,"""yes""","""no""","""no""","""no""","""no""",2,"""no""","""semi-furnished""",769.2307692307693
4900000,4095,3,1,2,"""no""","""yes""","""yes""","""no""","""yes""",0,"""no""","""semi-furnished""",1196.5811965811965
3850000,4080,2,1,1,"""yes""","""no""","""no""","""no""","""no""",0,"""no""","""semi-furnished""",943.6274509803922
4165000,4080,3,1,2,"""yes""","""no""","""no""","""no""","""no""",2,"""no""","""semi-furnished""",1020.8333333333334
4200000,4079,3,1,3,"""yes""","""no""","""no""","""no""","""no""",0,"""no""","""semi-furnished""",1029.6641333660211
4340000,4075,3,1,1,"""yes""","""yes""","""yes""","""no""","""no""",2,"""no""","""semi-furnished""",1065.0306748466257
3710000,4050,2,1,1,"""yes""","""no""","""no""","""no""","""no""",0,"""no""","""furnished""",916.0493827160494
3990000,4050,2,1,2,"""yes""","""yes""","""yes""","""no""","""no""",0,"""yes""","""unfurnished""",985.1851851851852
4165000,4046,3,1,2,"""yes""","""no""","""yes""","""no""","""no""",1,"""no""","""semi-furnished""",1029.4117647058824
6650000,4040,3,1,2,"""yes""","""no""","""yes""","""yes""","""no""",1,"""no""","""furnished""",1646.039603960396
4480000,4040,3,1,2,"""yes""","""no""","""no""","""no""","""no""",1,"""no""","""semi-furnished""",1108.9108910891089
3290000,4040,2,1,1,"""yes""","""no""","""no""","""no""","""no""",0,"""no""","""unfurnished""",814.3564356435644
3423000,4040,2,1,1,"""yes""","""no""","""no""","""no""","""no""",0,"""no""","""unfurnished""",847.2772277227723
3325000,4040,2,1,1,"""yes""","""no""","""no""","""no""","""no""",1,"""no""","""unfurnished""",823.019801980198
3710000,4040,2,1,1,"""yes""","""no""","""no""","""no""","""no""",0,"""no""","""semi-furnished""",918.3168316831683
4095000,4040,2,1,2,"""yes""","""no""","""no""","""no""","""no""",1,"""no""","""semi-furnished""",1013.6138613861386
4319000,4032,2,1,1,"""yes""","""no""","""yes""","""no""","""no""",0,"""no""","""furnished""",1071.1805555555557
2653000,4000,3,1,2,"""yes""","""no""","""no""","""no""","""yes""",0,"""no""","""unfurnished""",663.25
6790000,4000,3,2,2,"""yes""","""no""","""yes""","""no""","""yes""",0,"""yes""","""semi-furnished""",1697.5
4585000,4000,3,1,2,"""yes""","""no""","""no""","""no""","""no""",1,"""no""","""furnished""",1146.25
6615000,4000,3,2,2,"""yes""","""no""","""yes""","""no""","""yes""",1,"""no""","""semi-furnished""",1653.75
4480000,4000,3,1,2,"""yes""","""no""","""no""","""no""","""no""",2,"""no""","""furnished""",1120.0
3430000,4000,2,1,1,"""yes""","""no""","""no""","""no""","""no""",0,"""no""","""unfurnished""",857.5
2730000,4000,3,1,2,"""yes""","""no""","""no""","""no""","""no""",1,"""no""","""unfurnished""",682.5
4200000,4000,4,2,2,"""no""","""no""","""no""","""no""","""no""",0,"""no""","""semi-furnished""",1050.0
3605000,4000,2,1,1,"""yes""","""no""","""no""","""no""","""no""",0,"""yes""","""semi-furnished""",901.25
2695000,4000,2,1,1,"""yes""","""no""","""no""","""no""","""no""",0,"""no""","""unfurnished""",673.75
2660000,4000,3,1,1,"""yes""","""no""","""no""","""no""","""no""",0,"""no""","""semi-furnished""",665.0
3500000,3990,3,1,2,"""yes""","""no""","""no""","""no""","""no""",0,"""no""","""semi-furnished""",877.1929824561404
3150000,3986,2,2,1,"""no""","""yes""","""yes""","""no""","""no""",1,"""no""","""unfurnished""",790.2659307576517
2275000,3970,3,1,2,"""yes""","""no""","""yes""","""no""","""no""",0,"""no""","""unfurnished""",573.0478589420655
2275000,3970,1,1,1,"""no""","""no""","""no""","""no""","""no""",0,"""no""","""unfurnished""",573.0478589420655
4410000,3968,3,1,2,"""no""","""no""","""no""","""no""","""no""",0,"""no""","""semi-furnished""",1111.391129032258
3990000,3960,3,1,2,"""yes""","""no""","""no""","""no""","""no""",0,"""no""","""furnished""",1007.5757575757576
2800000,3960,3,1,1,"""yes""","""no""","""no""","""no""","""no""",0,"""no""","""furnished""",707.070707070707
6475000,3960,3,1,1,"""yes""","""no""","""yes""","""no""","""no""",2,"""no""","""semi-furnished""",1635.1010101010102
2660000,3934,2,1,1,"""yes""","""no""","""no""","""no""","""no""",0,"""no""","""unfurnished""",676.1565836298932
3255000,3930,2,1,1,"""no""","""no""","""no""","""no""","""no""",0,"""no""","""unfurnished""",828.2442748091603
4375000,3900,3,1,2,"""yes""","""no""","""no""","""no""","""no""",0,"""no""","""unfurnished""",1121.7948717948718
4620000,3880,3,2,2,"""yes""","""no""","""yes""","""no""","""no""",2,"""no""","""semi-furnished""",1190.721649484536
3430000,3850,3,1,1,"""yes""","""no""","""no""","""no""","""no""",0,"""no""","""unfurnished""",890.9090909090909
3850000,3850,2,1,1,"""yes""","""no""","""no""","""no""","""no""",0,"""no""","""semi-furnished""",1000.0
1750000,3850,3,1,2,"""yes""","""no""","""no""","""no""","""no""",0,"""no""","""unfurnished""",454.54545454545456
3115000,3850,3,1,2,"""yes""","""no""","""no""","""no""","""no""",0,"""no""","""unfurnished""",809.0909090909091
3535000,3850,3,1,1,"""yes""","""no""","""no""","""no""","""no""",2,"""no""","""unfurnished""",918.1818181818181
4585000,3840,3,1,2,"""yes""","""no""","""no""","""no""","""no""",1,"""yes""","""semi-furnished""",1194.0104166666667
3920000,3816,2,1,1,"""yes""","""no""","""yes""","""no""","""yes""",2,"""no""","""furnished""",1027.2536687631027
3045000,3800,2,1,1,"""yes""","""no""","""no""","""no""","""no""",0,"""no""","""unfurnished""",801.3157894736842
5250000,3800,3,1,2,"""yes""","""yes""","""yes""","""no""","""no""",1,"""yes""","""unfurnished""",1381.578947368421
3290000,3792,4,1,2,"""yes""","""no""","""no""","""no""","""no""",0,"""no""","""semi-furnished""",867.6160337552743
3885000,3780,2,1,2,"""yes""","""yes""","""yes""","""no""","""no""",0,"""no""","""semi-furnished""",1027.7777777777778
4550000,3760,3,1,1,"""yes""","""no""","""no""","""no""","""no""",2,"""no""","""semi-furnished""",1210.1063829787233
6510000,3760,3,1,2,"""yes""","""no""","""no""","""yes""","""no""",2,"""no""","""semi-furnished""",1731.3829787234042
3010000,3750,3,1,2,"""yes""","""no""","""no""","""no""","""no""",0,"""no""","""unfurnished""",802.6666666666666
3360000,3750,3,1,1,"""yes""","""no""","""no""","""no""","""no""",0,"""no""","""unfurnished""",896.0
4445000,3750,2,1,1,"""yes""","""yes""","""yes""","""no""","""no""",0,"""no""","""semi-furnished""",1185.3333333333333
4655000,3745,3,1,2,"""yes""","""no""","""yes""","""no""","""no""",0,"""no""","""furnished""",1242.9906542056074
3360000,3720,2,1,1,"""no""","""no""","""no""","""no""","""yes""",0,"""no""","""unfurnished""",903.2258064516129
5950000,3700,4,1,2,"""yes""","""yes""","""no""","""no""","""yes""",0,"""no""","""furnished""",1608.1081081081081
4095000,3680,3,2,2,"""yes""","""no""","""no""","""no""","""no""",0,"""no""","""semi-furnished""",1112.7717391304348
2940000,3660,4,1,2,"""no""","""no""","""no""","""no""","""no""",0,"""no""","""unfurnished""",803.2786885245902
5530000,3650,3,2,2,"""yes""","""no""","""no""","""no""","""no""",2,"""no""","""semi-furnished""",1515.0684931506848
3500000,3650,3,1,2,"""yes""","""no""","""no""","""no""","""no""",0,"""no""","""unfurnished""",958.9041095890411
1890000,3649,2,1,1,"""yes""","""no""","""no""","""no""","""no""",0,"""no""","""unfurnished""",517.9501233214579
3234000,3640,4,1,2,"""yes""","""no""","""yes""","""no""","""no""",0,"""no""","""unfurnished""",888.4615384615385
3500000,3640,2,1,1,"""yes""","""no""","""no""","""no""","""no""",1,"""no""","""semi-furnished""",961.5384615384615
2345000,3640,2,1,1,"""yes""","""no""","""no""","""no""","""no""",0,"""no""","""unfurnished""",644.2307692307693
4550000,3640,3,1,2,"""yes""","""no""","""no""","""no""","""yes""",0,"""no""","""furnished""",1250.0
3570000,3640,2,1,1,"""yes""","""no""","""no""","""no""","""no""",0,"""no""","""unfurnished""",980.7692307692307
3395000,3640,2,1,1,"""yes""","""no""","""no""","""no""","""no""",0,"""no""","""furnished""",932.6923076923077
4200000,3640,3,2,2,"""yes""","""no""","""yes""","""no""","""no""",0,"""no""","""unfurnished""",1153.8461538461538
2408000,3635,2,1,1,"""no""","""no""","""no""","""no""","""no""",0,"""no""","""unfurnished""",662.4484181568088
2660000,3630,3,3,2,"""no""","""yes""","""no""","""no""","""no""",0,"""no""","""unfurnished""",732.7823691460055
3675000,3630,2,1,1,"""yes""","""no""","""no""","""no""","""yes""",0,"""no""","""unfurnished""",1012.396694214876
4025000,3630,3,2,2,"""yes""","""no""","""no""","""yes""","""no""",2,"""no""","""semi-furnished""",1108.8154269972451
3675000,3630,2,1,1,"""yes""","""no""","""yes""","""no""","""no""",0,"""no""","""furnished""",1012.396694214876
3010000,3630,4,1,2,"""yes""","""no""","""no""","""no""","""no""",3,"""no""","""semi-furnished""",829.2011019283747
4690000,3630,3,1,2,"""yes""","""no""","""no""","""no""","""no""",2,"""no""","""semi-furnished""",1292.0110192837465
2870000,3630,2,1,1,"""yes""","""no""","""no""","""no""","""no""",0,"""no""","""unfurnished""",790.633608815427
1750000,3620,2,1,1,"""yes""","""no""","""no""","""no""","""no""",0,"""no""","""unfurnished""",483.42541436464086
4098500,3600,3,1,1,"""yes""","""no""","""yes""","""no""","""yes""",0,"""yes""","""furnished""",1138.4722222222222
2590000,3600,2,1,1,"""yes""","""no""","""no""","""no""","""no""",0,"""no""","""unfurnished""",719.4444444444445
2940000,3600,3,1,2,"""no""","""no""","""no""","""no""","""no""",1,"""no""","""unfurnished""",816.6666666666666
2590000,3600,2,2,2,"""yes""","""no""","""yes""","""no""","""no""",1,"""no""","""furnished""",719.4444444444445
3500000,3600,6,1,2,"""yes""","""no""","""no""","""no""","""no""",1,"""no""","""unfurnished""",972.2222222222222
3710000,3600,3,1,1,"""yes""","""no""","""no""","""no""","""no""",1,"""no""","""unfurnished""",1030.5555555555557
3675000,3600,2,1,1,"""yes""","""no""","""no""","""no""","""no""",0,"""no""","""furnished""",1020.8333333333334
3780000,3600,2,1,1,"""yes""","""no""","""no""","""no""","""no""",0,"""no""","""semi-furnished""",1050.0
3710000,3584,2,1,1,"""yes""","""no""","""no""","""yes""","""no""",0,"""no""","""semi-furnished""",1035.15625
3640000,3570,3,1,2,"""yes""","""no""","""yes""","""no""","""no""",0,"""no""","""semi-furnished""",1019.6078431372549
5040000,3540,2,1,1,"""no""","""yes""","""yes""","""no""","""no""",0,"""no""","""semi-furnished""",1423.7288135593221
4515000,3520,2,1,2,"""yes""","""no""","""no""","""no""","""no""",0,"""yes""","""furnished""",1282.6704545454545
3633000,3520,3,1,1,"""yes""","""no""","""no""","""no""","""no""",2,"""yes""","""unfurnished""",1032.1022727272727
4200000,3520,3,1,2,"""yes""","""no""","""no""","""no""","""no""",0,"""yes""","""semi-furnished""",1193.1818181818182
3640000,3520,2,2,1,"""yes""","""no""","""yes""","""no""","""no""",0,"""no""","""semi-furnished""",1034.090909090909
4550000,3520,3,1,1,"""yes""","""no""","""no""","""no""","""no""",0,"""yes""","""semi-furnished""",1292.6136363636363
3500000,3512,2,1,1,"""yes""","""no""","""no""","""no""","""no""",1,"""yes""","""unfurnished""",996.5831435079726
4515000,3510,3,1,3,"""yes""","""no""","""no""","""no""","""no""",0,"""no""","""semi-furnished""",1286.3247863247864
4473000,3510,3,1,2,"""yes""","""no""","""no""","""no""","""no""",0,"""no""","""semi-furnished""",1274.3589743589744
9240000,3500,4,2,2,"""yes""","""no""","""no""","""yes""","""no""",2,"""no""","""furnished""",2640.0
3150000,3500,2,1,1,"""no""","""no""","""yes""","""no""","""no""",0,"""no""","""semi-furnished""",900.0
3115000,3500,2,1,1,"""yes""","""no""","""no""","""no""","""no""",0,"""no""","""unfurnished""",890.0
3360000,3500,4,1,2,"""yes""","""no""","""no""","""no""","""yes""",2,"""no""","""unfurnished""",960.0
2450000,3500,2,1,1,"""yes""","""yes""","""no""","""no""","""no""",0,"""no""","""unfurnished""",700.0
4340000,3500,4,1,2,"""yes""","""no""","""no""","""no""","""no""",2,"""no""","""furnished""",1240.0
2660000,3480,2,1,1,"""yes""","""no""","""no""","""no""","""no""",1,"""no""","""semi-furnished""",764.3678160919541
3290000,3480,4,1,2,"""no""","""no""","""no""","""no""","""no""",1,"""no""","""semi-furnished""",945.4022988505748
3500000,3480,3,1,1,"""no""","""no""","""no""","""no""","""yes""",0,"""no""","""unfurnished""",1005.7471264367816
3745000,3480,2,1,1,"""yes""","""no""","""no""","""no""","""no""",0,"""yes""","""semi-furnished""",1076.1494252873563
2940000,3480,3,1,2,"""no""","""no""","""no""","""no""","""no""",1,"""no""","""semi-furnished""",844.8275862068965
4007500,3460,4,1,2,"""yes""","""no""","""no""","""no""","""yes""",0,"""no""","""semi-furnished""",1158.236994219653
4025000,3460,3,2,1,"""yes""","""no""","""yes""","""no""","""yes""",1,"""no""","""furnished""",1163.2947976878613
3150000,3450,1,1,1,"""yes""","""no""","""no""","""no""","""no""",0,"""no""","""furnished""",913.0434782608696
4515000,3450,3,1,2,"""yes""","""no""","""yes""","""no""","""no""",1,"""no""","""semi-furnished""",1308.695652173913
3150000,3450,3,1,2,"""yes""","""no""","""yes""","""no""","""no""",0,"""no""","""semi-furnished""",913.0434782608696
4193000,3450,3,1,2,"""yes""","""no""","""no""","""no""","""no""",1,"""no""","""semi-furnished""",1215.3623188405797
3395000,3450,3,1,1,"""yes""","""no""","""yes""","""no""","""no""",2,"""no""","""unfurnished""",984.0579710144928
4767000,3420,4,2,2,"""yes""","""no""","""no""","""no""","""no""",0,"""no""","""semi-furnished""",1393.859649122807
3780000,3420,2,1,2,"""yes""","""no""","""no""","""yes""","""no""",1,"""no""","""semi-furnished""",1105.2631578947369
1960000,3420,5,1,2,"""no""","""no""","""no""","""no""","""no""",0,"""no""","""unfurnished""",573.0994152046784
4893000,3420,4,2,2,"""yes""","""no""","""yes""","""no""","""yes""",2,"""no""","""semi-furnished""",1430.701754385965
5145000,3410,3,1,2,"""no""","""no""","""no""","""no""","""yes""",0,"""no""","""semi-furnished""",1508.7976539589442
4277000,3400,3,1,2,"""yes""","""no""","""yes""","""no""","""no""",2,"""yes""","""semi-furnished""",1257.9411764705883
2100000,3360,2,1,1,"""yes""","""no""","""no""","""no""","""no""",1,"""no""","""unfurnished""",625.0
3836000,3350,3,1,2,"""yes""","""no""","""no""","""no""","""no""",0,"""no""","""unfurnished""",1145.0746268656717
5530000,3300,3,3,2,"""yes""","""no""","""yes""","""no""","""no""",0,"""no""","""semi-furnished""",1675.7575757575758
2835000,3300,3,1,2,"""no""","""no""","""no""","""no""","""no""",1,"""no""","""semi-furnished""",859.0909090909091
3920000,3290,2,1,1,"""yes""","""no""","""no""","""yes""","""no""",1,"""no""","""furnished""",1191.4893617021276
2380000,3264,2,1,1,"""yes""","""no""","""no""","""no""","""no""",0,"""no""","""unfurnished""",729.1666666666666
3010000,3240,3,1,2,"""yes""","""no""","""no""","""no""","""no""",2,"""no""","""semi-furnished""",929.0123456790124
2450000,3240,2,1,1,"""no""","""yes""","""no""","""no""","""no""",1,"""no""","""unfurnished""",756.1728395061729
6107500,3240,4,1,3,"""yes""","""no""","""no""","""no""","""no""",1,"""no""","""semi-furnished""",1885.030864197531
2450000,3210,3,1,2,"""yes""","""no""","""yes""","""no""","""no""",0,"""no""","""unfurnished""",763.2398753894081
3430000,3185,2,1,1,"""yes""","""no""","""no""","""no""","""no""",2,"""no""","""unfurnished""",1076.923076923077
3360000,3185,2,1,1,"""yes""","""no""","""yes""","""no""","""no""",2,"""no""","""furnished""",1054.9450549450548
2653000,3185,2,1,1,"""yes""","""no""","""no""","""no""","""yes""",0,"""no""","""unfurnished""",832.967032967033
2310000,3180,2,1,1,"""yes""","""no""","""no""","""no""","""no""",0,"""no""","""unfurnished""",726.4150943396227
3290000,3180,4,1,2,"""yes""","""no""","""yes""","""no""","""yes""",0,"""no""","""unfurnished""",1034.5911949685535
3885000,3180,4,2,2,"""yes""","""no""","""no""","""no""","""no""",0,"""no""","""furnished""",1221.698113207547
2520000,3180,3,1,1,"""no""","""no""","""no""","""no""","""no""",0,"""no""","""unfurnished""",792.4528301886793
3640000,3180,3,1,2,"""no""","""no""","""yes""","""no""","""no""",0,"""no""","""semi-furnished""",1144.6540880503144
3850000,3180,2,2,1,"""yes""","""no""","""yes""","""no""","""no""",2,"""no""","""semi-furnished""",1210.691823899371
5215000,3180,3,2,2,"""yes""","""no""","""no""","""no""","""no""",2,"""no""","""semi-furnished""",1639.937106918239
4473000,3162,3,1,2,"""yes""","""no""","""no""","""no""","""yes""",1,"""no""","""furnished""",1414.6110056925995
3815000,3150,2,2,1,"""no""","""no""","""yes""","""no""","""no""",0,"""no""","""semi-furnished""",1211.111111111111
5460000,3150,3,2,1,"""yes""","""yes""","""yes""","""no""","""yes""",0,"""no""","""furnished""",1733.3333333333333
3570000,3150,3,1,2,"""yes""","""no""","""yes""","""no""","""no""",0,"""no""","""furnished""",1133.3333333333333
2940000,3150,3,1,2,"""no""","""no""","""no""","""no""","""no""",0,"""no""","""unfurnished""",933.3333333333334
3500000,3120,3,1,2,"""yes""","""no""","""no""","""no""","""no""",1,"""no""","""unfurnished""",1121.7948717948718
3220000,3120,3,1,2,"""no""","""no""","""no""","""no""","""no""",0,"""no""","""furnished""",1032.051282051282
3703000,3120,3,1,2,"""no""","""no""","""yes""","""yes""","""no""",0,"""no""","""semi-furnished""",1186.8589743589744
3360000,3100,3,1,2,"""no""","""no""","""yes""","""no""","""no""",0,"""no""","""semi-furnished""",1083.8709677419354
3010000,3090,3,1,2,"""no""","""no""","""no""","""no""","""no""",0,"""no""","""semi-furnished""",974.1100323624595
3080000,3090,2,1,1,"""yes""","""yes""","""yes""","""no""","""no""",0,"""no""","""unfurnished""",996.7637540453075
3150000,3069,2,1,1,"""yes""","""no""","""no""","""no""","""no""",1,"""no""","""unfurnished""",1026.392961876833
3465000,3060,3,1,1,"""yes""","""no""","""no""","""no""","""no""",0,"""no""","""unfurnished""",1132.3529411764705
2870000,3040,2,1,1,"""no""","""no""","""no""","""no""","""no""",0,"""no""","""unfurnished""",944.078947368421
3500000,3036,3,1,2,"""yes""","""no""","""yes""","""no""","""no""",0,"""no""","""semi-furnished""",1152.832674571805
3640000,3000,2,1,2,"""yes""","""no""","""no""","""no""","""yes""",0,"""no""","""furnished""",1213.3333333333333
5110000,3000,3,2,2,"""yes""","""yes""","""yes""","""no""","""no""",0,"""no""","""furnished""",1703.3333333333333
2450000,3000,2,1,1,"""yes""","""no""","""no""","""no""","""no""",1,"""no""","""unfurnished""",816.6666666666666
5110000,3000,3,1,2,"""yes""","""no""","""yes""","""no""","""no""",0,"""no""","""unfurnished""",1703.3333333333333
2485000,3000,3,1,2,"""no""","""no""","""no""","""no""","""no""",0,"""no""","""semi-furnished""",828.3333333333334
2520000,3000,2,1,2,"""yes""","""no""","""no""","""no""","""no""",0,"""no""","""furnished""",840.0
3920000,3000,3,1,2,"""yes""","""no""","""no""","""no""","""no""",0,"""no""","""semi-furnished""",1306.6666666666667
2135000,3000,2,1,1,"""no""","""no""","""no""","""no""","""no""",0,"""no""","""unfurnished""",711.6666666666666
2100000,3000,4,1,2,"""yes""","""no""","""no""","""no""","""no""",0,"""no""","""unfurnished""",700.0
1820000,3000,2,1,1,"""yes""","""no""","""yes""","""no""","""no""",2,"""no""","""unfurnished""",606.6666666666666
4060000,3000,4,1,3,"""yes""","""no""","""yes""","""no""","""yes""",2,"""no""","""semi-furnished""",1353.3333333333333
4900000,3000,3,1,2,"""yes""","""no""","""yes""","""no""","""yes""",0,"""no""","""semi-furnished""",1633.3333333333333
2961000,3000,2,1,2,"""yes""","""no""","""no""","""no""","""no""",0,"""no""","""semi-furnished""",987.0
3115000,3000,3,1,1,"""no""","""no""","""no""","""no""","""yes""",0,"""no""","""unfurnished""",1038.3333333333333
1855000,2990,2,1,1,"""no""","""no""","""no""","""no""","""no""",1,"""no""","""unfurnished""",620.4013377926422
4900000,2970,3,1,3,"""yes""","""no""","""no""","""no""","""no""",0,"""no""","""semi-furnished""",1649.8316498316499
4200000,2953,3,1,2,"""yes""","""no""","""yes""","""no""","""yes""",0,"""no""","""unfurnished""",1422.2824246528953
2604000,2910,2,1,1,"""no""","""no""","""no""","""no""","""no""",0,"""no""","""unfurnished""",894.8453608247422
1750000,2910,3,1,1,"""no""","""no""","""no""","""no""","""no""",0,"""no""","""furnished""",601.3745704467354
2520000,2880,3,1,1,"""no""","""no""","""no""","""no""","""no""",0,"""no""","""unfurnished""",875.0
4403000,2880,3,1,2,"""yes""","""no""","""no""","""no""","""no""",0,"""yes""","""semi-furnished""",1528.8194444444443
4620000,2870,2,1,2,"""yes""","""yes""","""yes""","""no""","""no""",0,"""yes""","""semi-furnished""",1609.7560975609756
3780000,2856,3,1,3,"""yes""","""no""","""no""","""no""","""no""",0,"""yes""","""furnished""",1323.5294117647059
3640000,2850,3,2,2,"""no""","""no""","""yes""","""no""","""no""",0,"""yes""","""unfurnished""",1277.1929824561403
3010000,2835,2,1,1,"""yes""","""no""","""no""","""no""","""no""",0,"""no""","""semi-furnished""",1061.7283950617284
5495000,2817,4,2,2,"""no""","""yes""","""yes""","""no""","""no""",1,"""no""","""furnished""",1950.6567270145545
4956000,2800,3,2,2,"""no""","""no""","""yes""","""no""","""yes""",1,"""no""","""semi-furnished""",1770.0
2660000,2800,3,1,1,"""yes""","""no""","""no""","""no""","""no""",0,"""no""","""unfurnished""",950.0
2380000,2787,4,2,2,"""yes""","""no""","""no""","""no""","""no""",0,"""no""","""furnished""",853.9648367420165
4235000,2787,3,1,1,"""yes""","""no""","""yes""","""no""","""no""",0,"""yes""","""furnished""",1519.5550771438823
4200000,2747,4,2,2,"""no""","""no""","""no""","""no""","""no""",0,"""no""","""semi-furnished""",1528.9406625409538
3353000,2700,3,1,1,"""no""","""no""","""no""","""no""","""no""",0,"""no""","""furnished""",1241.851851851852
2940000,2700,2,1,1,"""no""","""no""","""no""","""no""","""no""",0,"""no""","""furnished""",1088.888888888889
3220000,2684,2,1,1,"""yes""","""no""","""no""","""no""","""yes""",1,"""no""","""unfurnished""",1199.7019374068554
2800000,2650,3,1,2,"""yes""","""no""","""yes""","""no""","""no""",1,"""no""","""unfurnished""",1056.6037735849056
2835000,2640,2,1,1,"""no""","""no""","""no""","""no""","""no""",1,"""no""","""furnished""",1073.8636363636363
4200000,2610,4,3,2,"""no""","""no""","""no""","""no""","""no""",0,"""no""","""semi-furnished""",1609.1954022988505
3430000,2610,3,1,2,"""yes""","""no""","""yes""","""no""","""no""",0,"""yes""","""unfurnished""",1314.176245210728
4550000,2550,3,1,2,"""yes""","""no""","""yes""","""no""","""no""",0,"""no""","""furnished""",1784.313725490196
3773000,2520,5,2,1,"""no""","""no""","""yes""","""no""","""yes""",1,"""no""","""furnished""",1497.2222222222222
3290000,2500,2,1,1,"""no""","""no""","""no""","""no""","""yes""",0,"""no""","""unfurnished""",1316.0
2380000,2475,3,1,2,"""yes""","""no""","""no""","""no""","""no""",0,"""no""","""furnished""",961.6161616161617
2660000,2430,3,1,1,"""no""","""no""","""no""","""no""","""no""",0,"""no""","""unfurnished""",1094.6502057613168
1767150,2400,3,1,1,"""no""","""no""","""no""","""no""","""no""",0,"""no""","""semi-furnished""",736.3125
2100000,2400,3,1,2,"""yes""","""no""","""no""","""no""","""no""",0,"""no""","""unfurnished""",875.0
3118850,2398,3,1,1,"""yes""","""no""","""no""","""no""","""no""",0,"""yes""","""semi-furnished""",1300.604670558799
4200000,2325,3,1,2,"""no""","""no""","""no""","""no""","""no""",0,"""no""","""semi-furnished""",1806.4516129032259
3640000,2275,3,1,3,"""yes""","""no""","""no""","""yes""","""yes""",0,"""yes""","""semi-furnished""",1600.0
3850000,2176,2,1,2,"""yes""","""yes""","""no""","""no""","""no""",0,"""yes""","""semi-furnished""",1769.3014705882354
4270000,2175,3,1,2,"""no""","""yes""","""yes""","""no""","""yes""",0,"""no""","""unfurnished""",1963.2183908045977
3080000,2160,3,1,2,"""no""","""no""","""yes""","""no""","""no""",0,"""no""","""semi-furnished""",1425.9259259259259
3430000,2145,3,1,3,"""yes""","""no""","""no""","""no""","""no""",0,"""yes""","""furnished""",1599.067599067599
3332000,2145,3,1,2,"""yes""","""no""","""yes""","""no""","""no""",0,"""yes""","""furnished""",1553.3799533799533
3920000,2145,4,2,1,"""yes""","""no""","""yes""","""no""","""no""",0,"""yes""","""unfurnished""",1827.5058275058275
4200000,2145,3,1,3,"""yes""","""no""","""no""","""no""","""no""",1,"""yes""","""unfurnished""",1958.041958041958
3465000,2145,3,1,3,"""yes""","""no""","""no""","""no""","""no""",0,"""yes""","""furnished""",1615.3846153846155
3290000,2145,3,1,2,"""yes""","""no""","""yes""","""no""","""no""",0,"""yes""","""furnished""",1533.7995337995337
3500000,2135,3,2,2,"""no""","""no""","""no""","""no""","""no""",0,"""no""","""unfurnished""",1639.344262295082
3850000,2015,3,1,2,"""yes""","""no""","""yes""","""no""","""no""",0,"""yes""","""semi-furnished""",1910.6699751861042
2660000,2000,2,1,2,"""yes""","""no""","""no""","""no""","""no""",0,"""no""","""semi-furnished""",1330.0
3430000,1950,3,2,2,"""yes""","""no""","""yes""","""no""","""no""",0,"""yes""","""unfurnished""",1758.974358974359
2240000,1950,3,1,1,"""no""","""no""","""no""","""yes""","""no""",0,"""no""","""unfurnished""",1148.7179487179487
4340000,1905,5,1,2,"""no""","""no""","""yes""","""no""","""no""",0,"""no""","""semi-furnished""",2278.215223097113
2275000,1836,2,1,1,"""no""","""no""","""yes""","""no""","""no""",0,"""no""","""semi-furnished""",1239.1067538126363
1890000,1700,3,1,2,"""yes""","""no""","""no""","""no""","""no""",0,"""no""","""unfurnished""",1111.764705882353
3150000,1650,3,1,2,"""no""","""no""","""yes""","""no""","""no""",0,"""no""","""unfurnished""",1909.090909090909
